,log_index,transaction_hash,transaction_index,block_hash,block_number,address,data,topics
1106046,108,0x127141217b22dbd215c2c1790153445b20e24ec7d4cb414b17c3e0622b08a644,63,0x3d310fc2e415a4908f69c0b7a2d37a76c0cf201a6a77a9a5c1716ea30c618c78,16576812,0x1e0447b19bb6ecfdae1e4ae1694b0c3659614e4e,0x000000000000000000000000911286bc7560ea2a186964d705bee023122b3582,0x91b01baeee3a24b590d112613814d86801005c7ef9353e7fc1eaeaf33ccf83b0
1106047,109,0x127141217b22dbd215c2c1790153445b20e24ec7d4cb414b17c3e0622b08a644,63,0x3d310fc2e415a4908f69c0b7a2d37a76c0cf201a6a77a9a5c1716ea30c618c78,16576812,0x1e0447b19bb6ecfdae1e4ae1694b0c3659614e4e,0x0000000000000000000000000000000000000000000000000e27622a70a320550000000000000000000000000000000000000000000000000de8cb9e7ae414de0000000000000000000000000000000000000000000000000000000063e23f8b,"0xf4626fd1187f91e6761ffb8a6ac3e8d9235a4a92da54e43feb0c57c4a4a322ab,0x0000000000000000000000000000000000000000000000000000000000000000"
1106048,110,0x127141217b22dbd215c2c1790153445b20e24ec7d4cb414b17c3e0622b08a644,63,0x3d310fc2e415a4908f69c0b7a2d37a76c0cf201a6a77a9a5c1716ea30c618c78,16576812,0xc02aaa39b223fe8d0a0e5c4f27ead9083c756cc2,0x00000000000000000000000000000000000000000000002086ac351052600000,"0xddf252ad1be2c89b69c2b068fc378daa952ba7f163c4a11628f55a4df523b3ef,0x0000000000000000000000001e0447b19bb6ecfdae1e4ae1694b0c3659614e4e,0x00000000000000000000000039fdf1b13dd5b86eb8b7fdd50bce4607beae0722"
1106049,111,0x127141217b22dbd215c2c1790153445b20e24ec7d4cb414b17c3e0622b08a644,63,0x3d310fc2e415a4908f69c0b7a2d37a76c0cf201a6a77a9a5c1716ea30c618c78,16576812,0x1e0447b19bb6ecfdae1e4ae1694b0c3659614e4e,0x00000000000000000000000000000000000000000000000000000000000000000000000000000000000000000000000000000000000000000000000000000000000000000000000000000000000000000000000000000000000000000000000000000000000000000000000000000000000000000000002086ac351052600000000000000000000000000000000000000000000000000000000000000000000000000000000000000000000000000000000000000000001fe4455624147cefad00000000000000000000000039fdf1b13dd5b86eb8b7fdd50bce4607beae0722,"0xbc83c08f0b269b1726990c8348ffdf1ae1696244a14868d766e542a2f18cd7d4,0x00000000000000000000000039fdf1b13dd5b86eb8b7fdd50bce4607beae0722"
1106050,112,0x127141217b22dbd215c2c1790153445b20e24ec7d4cb414b17c3e0622b08a644,63,0x3d310fc2e415a4908f69c0b7a2d37a76c0cf201a6a77a9a5c1716ea30c618c78,16576812,0xc02aaa39b223fe8d0a0e5c4f27ead9083c756cc2,0x00000000000000000000000000000000000000000000002086ac351052600002,"0x8c5be1e5ebec7d5bd14f71427d1e84f3dd0314c0f7b2291e5b200ac8c7c3b925,0x00000000000000000000000039fdf1b13dd5b86eb8b7fdd50bce4607beae0722,0x0000000000000000000000001e0447b19bb6ecfdae1e4ae1694b0c3659614e4e"
1106051,113,0x127141217b22dbd215c2c1790153445b20e24ec7d4cb414b17c3e0622b08a644,63,0x3d310fc2e415a4908f69c0b7a2d37a76c0cf201a6a77a9a5c1716ea30c618c78,16576812,0xc02aaa39b223fe8d0a0e5c4f27ead9083c756cc2,0x0000000000000000000000000000000000000000000000007ce66c50e2840000,"0xddf252ad1be2c89b69c2b068fc378daa952ba7f163c4a11628f55a4df523b3ef,0x00000000000000000000000039fdf1b13dd5b86eb8b7fdd50bce4607beae0722,0x0000000000000000000000005924a28caaf1cc016617874a2f0c3710d881f3c1"
1106052,114,0x127141217b22dbd215c2c1790153445b20e24ec7d4cb414b17c3e0622b08a644,63,0x3d310fc2e415a4908f69c0b7a2d37a76c0cf201a6a77a9a5c1716ea30c618c78,16576812,0xc02aaa39b223fe8d0a0e5c4f27ead9083c756cc2,0x00000000000000000000000000000000000000000000002009c5c8bf6fdc0000,"0xddf252ad1be2c89b69c2b068fc378daa952ba7f163c4a11628f55a4df523b3ef,0x00000000000000000000000039fdf1b13dd5b86eb8b7fdd50bce4607beae0722,0x000000000000000000000000911286bc7560ea2a186964d705bee023122b3582"
1106053,115,0x127141217b22dbd215c2c1790153445b20e24ec7d4cb414b17c3e0622b08a644,63,0x3d310fc2e415a4908f69c0b7a2d37a76c0cf201a6a77a9a5c1716ea30c618c78,16576812,0x7881c3a8d4a8d8a5d6b648164de823142d8aaf5d,0x00000000000000000000000000000000000000000000000000000000000000020000000000000000000000000000000000000000000000000000000000000001,"0xc3d58168c5ae7397731d063d5bbf3d657854427343f4c083240f7aacaa2d0f62,0x000000000000000000000000fed24ec7e22f573c2e08aef55aa6797ca2b3a051,0x000000000000000000000000911286bc7560ea2a186964d705bee023122b3582,0x00000000000000000000000039fdf1b13dd5b86eb8b7fdd50bce4607beae0722"
1106054,116,0x127141217b22dbd215c2c1790153445b20e24ec7d4cb414b17c3e0622b08a644,63,0x3d310fc2e415a4908f69c0b7a2d37a76c0cf201a6a77a9a5c1716ea30c618c78,16576812,0x59728544b08ab483533076417fbbb2fd0b17ce3a,0x18c05bcbae674aaa000b89692f42dad0d757b05e52aeada759156cac2ed9ea07000000000000000000000000000000000000000000000000000000000000001b000000000000000000000000c02aaa39b223fe8d0a0e5c4f27ead9083c756cc20000000000000000000000007881c3a8d4a8d8a5d6b648164de823142d8aaf5d0000000000000000000000000000000000000000000000000000000000000002000000000000000000000000000000000000000000000000000000000000000100000000000000000000000000000000000000000000002086ac351052600000,"0x95fb6205e23ff6bda16a2d1dba56b9ad7c783f67c96fa149785052f47696f2be,0x00000000000000000000000039fdf1b13dd5b86eb8b7fdd50bce4607beae0722,0x000000000000000000000000911286bc7560ea2a186964d705bee023122b3582,0x000000000000000000000000579af6fd30bf83a5ac0d636bc619f98dbdeb930c"
1106055,117,0x127141217b22dbd215c2c1790153445b20e24ec7d4cb414b17c3e0622b08a644,63,0x3d310fc2e415a4908f69c0b7a2d37a76c0cf201a6a77a9a5c1716ea30c618c78,16576812,0xc02aaa39b223fe8d0a0e5c4f27ead9083c756cc2,0x00000000000000000000000000000000000000000000002009c5c8bf6fdc0000,"0xddf252ad1be2c89b69c2b068fc378daa952ba7f163c4a11628f55a4df523b3ef,0x000000000000000000000000911286bc7560ea2a186964d705bee023122b3582,0x00000000000000000000000039fdf1b13dd5b86eb8b7fdd50bce4607beae0722"
1106056,118,0x127141217b22dbd215c2c1790153445b20e24ec7d4cb414b17c3e0622b08a644,63,0x3d310fc2e415a4908f69c0b7a2d37a76c0cf201a6a77a9a5c1716ea30c618c78,16576812,0x39fdf1b13dd5b86eb8b7fdd50bce4607beae0722,0xa3d23f5e2856ac21af0cbac5241941b73098872b4044b8c2a64f3e7606e17dab0000000000000000000000000000000000000000000000000000000000000000,0x442e715f626346e8c54381002da614f62bee8d27386535b2521ec8540898556e
1106057,119,0x127141217b22dbd215c2c1790153445b20e24ec7d4cb414b17c3e0622b08a644,63,0x3d310fc2e415a4908f69c0b7a2d37a76c0cf201a6a77a9a5c1716ea30c618c78,16576812,0x1e0447b19bb6ecfdae1e4ae1694b0c3659614e4e,0x000000000000000000000000000000000000000000000000000000000000000000000000000000000000000046f2b2bf4015e3a1c90249702a2c32304c1151be,"0xab38cdc4a831ebe6542bf277d36b65dbc5c66a4d03ec6cf56ac38de05dc30098,0x00000000000000000000000039fdf1b13dd5b86eb8b7fdd50bce4607beae0722"
1106058,120,0x127141217b22dbd215c2c1790153445b20e24ec7d4cb414b17c3e0622b08a644,63,0x3d310fc2e415a4908f69c0b7a2d37a76c0cf201a6a77a9a5c1716ea30c618c78,16576812,0xc02aaa39b223fe8d0a0e5c4f27ead9083c756cc2,0x00000000000000000000000000000000000000000000002086ac351052600002,"0xddf252ad1be2c89b69c2b068fc378daa952ba7f163c4a11628f55a4df523b3ef,0x00000000000000000000000039fdf1b13dd5b86eb8b7fdd50bce4607beae0722,0x0000000000000000000000001e0447b19bb6ecfdae1e4ae1694b0c3659614e4e"
1106059,121,0x127141217b22dbd215c2c1790153445b20e24ec7d4cb414b17c3e0622b08a644,63,0x3d310fc2e415a4908f69c0b7a2d37a76c0cf201a6a77a9a5c1716ea30c618c78,16576812,0x1e0447b19bb6ecfdae1e4ae1694b0c3659614e4e,0x00000000000000000000000000000000000000000000000000000000000000000000000000000000000000000000000000000000000000000000000000000000000000000000000000000000000000000000000000000000000000000000000100000000000000000000000000000000000000000000002086ac3510526000020000000000000000000000000000000000000000000000000000000000000001000000000000000000000000000000000000000000000000000000000000000000000000000000000000000039fdf1b13dd5b86eb8b7fdd50bce4607beae0722,"0x2bad8bc95088af2c247b30fa2b2e6a0886f88625e0945cd3051008e0e270198f,0x00000000000000000000000039fdf1b13dd5b86eb8b7fdd50bce4607beae0722"
